SpectrumID	Compound_Name	Ion_Source	Instrument	Compound_Source	PI	Data_Collector	Adduct	Precursor_MZ	ExactMass	Charge	CAS_Number	Pubmed_ID	Smiles	INCHI	INCHI_AUX	Library_Class	IonMode	UpdateWorkflowName	LibraryQualityString	#Scan#	SpectrumFile	LibraryName	MQScore	Organism	TIC_Query	RT_Query	MZErrorPPM	SharedPeaks	MassDiff	LibMZ	SpecMZ	SpecCharge	FileScanUniqueID	NumberHits	tags	MoleculeExplorerDatasets	MoleculeExplorerFiles	InChIKey	InChIKey-Planar	superclass	class	subclass	npclassifier_superclass	npclassifier_class	npclassifier_pathway
CCMSLIB00003138589	Spectral Match to 1-(9Z-Octadecenoyl)-sn-glycero-3-phosphoethanolamine from NIST14	ESI	HCD	Isolated	Data from Pieter Dorrestein	Data deposited by daniel	M-H	478.294	0.0	1	89576294	N/A	N/A	N/A	N/A	3	Negative	UPDATE-SINGLE-ANNOTATED-BRONZE	Bronze	784	spectra_filtered/specs_ms.mgf	lib-00017.mgf	0.98674	GNPS-NIST14-MATCHES	481000.0	298.65	1.65893	7	0.000793457	478.294	478.293	-1	spectra_filtered/specs_ms.mgf784	1		163	7904	N/A	N/A	N/A	N/A	N/A	N/A	N/A	N/A
CCMSLIB00003139324	Spectral Match to 1-Palmitoyl-2-hydroxy-sn-glycero-3-phosphoethanolamine from NIST14	ESI	qTof	Isolated	Data from Pieter Dorrestein	Data deposited by daniel	M-H	452.278	453.285	1	53862354	N/A	CCCCCCCCCCCCCCCC(=O)OC[C@H](COP(=O)(O)OCCN)O	InChI=1S/C21H44NO7P/c1-2-3-4-5-6-7-8-9-10-11-12-13-14-15-21(24)27-18-20(23)19-29-30(25,26)28-17-16-22/h20,23H,2-19,22H2,1H3,(H,25,26)/t20-/m1/s1	N/A	3	Negative	UPDATE-SINGLE-ANNOTATED-BRONZE	Bronze	1092	spectra_filtered/specs_ms.mgf	lib-00017.mgf	0.9821840000000001	GNPS-NIST14-MATCHES	128180.0	291.762	0.0	7	0.0	452.278	452.278	-1	spectra_filtered/specs_ms.mgf1092	1		145	10478	YVYMBNSKXOXSKW-HXUWFJFHSA-N	YVYMBNSKXOXSKW	Lipids and lipid-like molecules	Glycerophospholipids	Glycerophosphoethanolamines	Glycerophospholipids	Glycerophosphoethanolamines	Fatty acids
CCMSLIB00003139498	Spectral Match to Octadecanamide from NIST14	ESI	QqQ	Isolated	Data from Wolfender/Litaudon	Data deposited by pmallard	M+H	284.3	0.0	1	124265	N/A	N/A	N/A	N/A	3	Positive	UPDATE-SINGLE-ANNOTATED-BRONZE	Bronze	1323	spectra_filtered/specs_ms.mgf	lib-00017.mgf	0.970234	GNPS-NIST14-MATCHES	247290.0	375.835	20.7172	11	0.00588989	284.3	284.29400000000004	1	spectra_filtered/specs_ms.mgf1323	1		50	2236	N/A	N/A	N/A	N/A	N/A	N/A	N/A	N/A
CCMSLIB00003138526	Spectral Match to 1-(9Z-Octadecenoyl)-sn-glycero-3-phosphocholine from NIST14	ESI	HCD	Isolated	Data from Wolfender/Litaudon	Data deposited by pmallard	M+H	522.36	0.0	1	19420565	N/A	N/A	N/A	N/A	3	Positive	UPDATE-SINGLE-ANNOTATED-BRONZE	Bronze	1472	spectra_filtered/specs_ms.mgf	lib-00017.mgf	0.966572	GNPS-NIST14-MATCHES	589990.0	301.613	10.7497	11	0.00561523	522.36	522.354	1	spectra_filtered/specs_ms.mgf1472	1		165	10741	N/A	N/A	N/A	N/A	N/A	N/A	N/A	N/A
CCMSLIB00003135927	Spectral Match to Palmitamide from NIST14	ESI	HCD	Isolated	Data from Pieter Dorrestein	Data deposited by lfnothias	M+H	256.262	0.0	1	629549	N/A	N/A	N/A	N/A	3	Positive	UPDATE-SINGLE-ANNOTATED-BRONZE	Bronze	1328	spectra_filtered/specs_ms.mgf	lib-00017.mgf	0.966032	GNPS-NIST14-MATCHES	237980.0	349.595	3.5726199999999997	11	0.000915527	256.262	256.263	1	spectra_filtered/specs_ms.mgf1328	1		101	5204	N/A	N/A	N/A	N/A	N/A	N/A	N/A	N/A
CCMSLIB00003139666	Spectral Match to Pentadecanoic acid, 14-methyl- from NIST14	ESI	qTof	Isolated	Data from Wolfender	Data deposited by pmallard	M+H	257.248	256.24	1	4669027	N/A	CC(C)CCCCCCCCCCCCC(=O)O	InChI=1S/C16H32O2/c1-15(2)13-11-9-7-5-3-4-6-8-10-12-14-16(17)18/h15H,3-14H2,1-2H3,(H,17,18)	N/A	3	Positive	UPDATE-SINGLE-ANNOTATED-BRONZE	Bronze	1736	spectra_filtered/specs_ms.mgf	lib-00017.mgf	0.9619110000000001	GNPS-NIST14-MATCHES	4790.0	288.385	5.81292	6	0.00149536	257.248	257.246	1	spectra_filtered/specs_ms.mgf1736	1		2	268	ZONJATNKKGGVSU-UHFFFAOYSA-N	ZONJATNKKGGVSU	Lipids and lipid-like molecules	Fatty Acyls	Fatty acids and conjugates	Fatty Acids and Conjugates	Branched fatty acids	Fatty acids
CCMSLIB00003137910	Spectral Match to 1-Hexadecanoyl-sn-glycerol from NIST14	ESI	qTof	Isolated	Data from Piel	Data deposited by eriche	M+H	331.285	330.277	1	542449	N/A	CCCCCCCCCCCCCCCC(=O)OC[C@H](CO)O	InChI=1S/C19H38O4/c1-2-3-4-5-6-7-8-9-10-11-12-13-14-15-19(22)23-17-18(21)16-20/h18,20-21H,2-17H2,1H3/t18-/m0/s1	N/A	3	Positive	UPDATE-SINGLE-ANNOTATED-BRONZE	Bronze	251	spectra_filtered/specs_ms.mgf	lib-00017.mgf	0.954095	GNPS-NIST14-MATCHES	6042100.0	311.122	5.15865	9	0.00170898	331.285	331.283	1	spectra_filtered/specs_ms.mgf251	1		135	8671	QHZLMUACJMDIAE-SFHVURJKSA-N	QHZLMUACJMDIAE	Lipids and lipid-like molecules	Glycerolipids	Monoradylglycerols	Glycerolipids	Monoacylglycerols	Fatty acids
CCMSLIB00003137910	Spectral Match to 1-Hexadecanoyl-sn-glycerol from NIST14	ESI	qTof	Isolated	Data from Piel	Data deposited by eriche	M+H	331.285	330.277	1	542449	N/A	CCCCCCCCCCCCCCCC(=O)OC[C@H](CO)O	InChI=1S/C19H38O4/c1-2-3-4-5-6-7-8-9-10-11-12-13-14-15-19(22)23-17-18(21)16-20/h18,20-21H,2-17H2,1H3/t18-/m0/s1	N/A	3	Positive	UPDATE-SINGLE-ANNOTATED-BRONZE	Bronze	311	spectra_filtered/specs_ms.mgf	lib-00017.mgf	0.952844	GNPS-NIST14-MATCHES	1703300.0	288.375	5.43501	8	0.00180054	331.285	331.283	1	spectra_filtered/specs_ms.mgf311	1		135	8671	QHZLMUACJMDIAE-SFHVURJKSA-N	QHZLMUACJMDIAE	Lipids and lipid-like molecules	Glycerolipids	Monoradylglycerols	Glycerolipids	Monoacylglycerols	Fatty acids
CCMSLIB00003139631	Spectral Match to Dioctyl phthalate from NIST14	ESI	QQQ	Isolated	Data from Maria Maansson	Data deposited by marjo	M+H	391.287	390.277	1	117840	N/A	CCCCCCCCOC(=O)C1=CC=CC=C1C(=O)OCCCCCCCC	InChI=1S/C24H38O4/c1-3-5-7-9-11-15-19-27-23(25)21-17-13-14-18-22(21)24(26)28-20-16-12-10-8-6-4-2/h13-14,17-18H,3-12,15-16,19-20H2,1-2H3	N/A	3	Positive	UPDATE-SINGLE-ANNOTATED-BRONZE	Bronze	1823	spectra_filtered/specs_ms.mgf	lib-00017.mgf	0.9471790000000001	GNPS-NIST14-MATCHES	68120.0	420.376	10.2171	6	0.0039978	391.287	391.283	1	spectra_filtered/specs_ms.mgf1823	1		238	17737	MQIUGAXCHLFZKX-UHFFFAOYSA-N	MQIUGAXCHLFZKX	Benzenoids	Benzene and substituted derivatives	Benzoic acids and derivatives	Phenolic acids (C6-C1)	Shikimic acids and derivatives|Simple phenolic acids	Shikimates and Phenylpropanoids
CCMSLIB00003137373	Spectral Match to Decylbenzenesulfonic acid from NIST14	ESI	QQQ	Isolated	Data from Kimberly Prather	Data deposited by mjmeehan	M-H	297.141	298.16	1	140603	N/A	CCCCCCCCCCC1=CC=CC=C1S(=O)(=O)O	InChI=1S/C16H26O3S/c1-2-3-4-5-6-7-8-9-12-15-13-10-11-14-16(15)20(17,18)19/h10-11,13-14H,2-9,12H2,1H3,(H,17,18,19)	N/A	3	Negative	UPDATE-SINGLE-ANNOTATED-BRONZE	Bronze	634	spectra_filtered/specs_ms.mgf	lib-00017.mgf	0.944116	GNPS-NIST14-MATCHES	2327000.0	351.73400000000004	40.0546	7	0.0119019	297.141	297.153	-1	spectra_filtered/specs_ms.mgf634	1		29	1116	UAZLASMTBCLJKO-UHFFFAOYSA-N	UAZLASMTBCLJKO	Benzenoids	Benzene and substituted derivatives	Benzenesulfonic acids and derivatives	Aromatic polyketides	Catechols with side chains	Polyketides
CCMSLIB00003139642	Spectral Match to 9Z,11E,13E-Octadecatrienoic acid methyl ester from NIST14	ESI	HCD	Isolated	Data from Wolfender/Litaudon	Data deposited by pmallard	M+H	293.247	0.0	1	4175477	N/A	N/A	N/A	N/A	3	Positive	UPDATE-SINGLE-ANNOTATED-BRONZE	Bronze	385	spectra_filtered/specs_ms.mgf	lib-00017.mgf	0.94406	GNPS-NIST14-MATCHES	259270.0	348.47900000000004	2.80983	6	0.000823975	293.247	293.246	1	spectra_filtered/specs_ms.mgf385	1		44	2089	N/A	N/A	N/A	N/A	N/A	N/A	N/A	N/A
CCMSLIB00003139521	Spectral Match to Monoelaidin from NIST14	ESI	HCD	Isolated	Data from Wolfender/Litaudon	Data deposited by pmallard	M+H	357.301	0.0	1	2716532	N/A	N/A	N/A	N/A	3	Positive	UPDATE-SINGLE-ANNOTATED-BRONZE	Bronze	2259	spectra_filtered/specs_ms.mgf	lib-00017.mgf	0.936423	GNPS-NIST14-MATCHES	125100.0	319.836	5.89339	13	0.00210571	357.301	357.29900000000004	1	spectra_filtered/specs_ms.mgf2259	1		161	11827	N/A	N/A	N/A	N/A	N/A	N/A	N/A	N/A
CCMSLIB00003134722	Spectral Match to 9(10)-EpOME from NIST14	ESI	qTof	Isolated	Data from Wolfender/Litaudon	Data deposited by pmallard	M+H-H2O	279.232	296.235	1	N/A	N/A	CCCCC/C=C\CC1C(O1)CCCCCCCC(=O)O	InChI=1S/C18H32O3/c1-2-3-4-5-7-10-13-16-17(21-16)14-11-8-6-9-12-15-18(19)20/h7,10,16-17H,2-6,8-9,11-15H2,1H3,(H,19,20)/b10-7-	N/A	3	Positive	UPDATE-SINGLE-ANNOTATED-BRONZE	Bronze	1723	spectra_filtered/specs_ms.mgf	lib-00017.mgf	0.935672	GNPS-NIST14-MATCHES	180940.0	355.17400000000004	2.84157	8	0.000793457	279.232	279.231	1	spectra_filtered/specs_ms.mgf1723	1		139	15387	FBUKMFOXMZRGRB-YFHOEESVSA-N	FBUKMFOXMZRGRB	Lipids and lipid-like molecules	Fatty Acyls	Fatty acids and conjugates	Fatty Acids and Conjugates	Epoxy fatty acids	Fatty acids
CCMSLIB00003137471	Spectral Match to 1-(9Z-Octadecenoyl)-sn-glycero-3-phosphocholine from NIST14	ESI	qTof	Isolated	Data from Pieter Dorrestein	Data deposited by daniel	M+Na	544.337	521.348	1	19420565	N/A	CCCCCCCC/C=C\CCCCCCCC(=O)OC[C@H](COP(=O)([O-])OCC[N+](C)(C)C)O	InChI=1S/C26H52NO7P/c1-5-6-7-8-9-10-11-12-13-14-15-16-17-18-19-20-26(29)32-23-25(28)24-34-35(30,31)33-22-21-27(2,3)4/h12-13,25,28H,5-11,14-24H2,1-4H3/b13-12-/t25-/m1/s1	N/A	3	Positive	UPDATE-SINGLE-ANNOTATED-BRONZE	Bronze	2571	spectra_filtered/specs_ms.mgf	lib-00017.mgf	0.9293950000000001	GNPS-NIST14-MATCHES	15160.0	301.652	1.45766	8	0.000793457	544.337	544.336	1	spectra_filtered/specs_ms.mgf2571	1		165	10741	YAMUFBLWGFFICM-PTGWMXDISA-N	YAMUFBLWGFFICM	Lipids and lipid-like molecules	Glycerophospholipids	Glycerophosphocholines	N/A	N/A	N/A
CCMSLIB00006678135	Pheophytin a	LC-ESI	Orbitrap	Other	S Ding	Su Ding	M+H	871.571	871.573	1	N/A	N/A	N/A	N/A	N/A	3	Positive	UPDATE-SINGLE-ANNOTATED-BRONZE	Bronze	2219	spectra_filtered/specs_ms.mgf	lib-00042.mgf	0.9255959999999999	GNPS-LIBRARY	207110.0	403.629	0.9103760000000001	10	0.000793457	871.571	871.572	1	spectra_filtered/specs_ms.mgf2219	1		0	0	N/A	N/A	N/A	N/A	N/A	N/A	N/A	N/A
CCMSLIB00006678147	Lyso PC (16:1)	LC-ESI	Orbitrap	Other	S Ding	Su Ding	M+H	494.324	494.323	1	N/A	N/A	N/A	N/A	N/A	3	Positive	UPDATE-SINGLE-ANNOTATED-BRONZE	Bronze	2436	spectra_filtered/specs_ms.mgf	lib-00042.mgf	0.924165	GNPS-LIBRARY	145310.0	280.107	3.27201	8	0.00161743	494.324	494.32199999999995	1	spectra_filtered/specs_ms.mgf2436	1		0	0	N/A	N/A	N/A	N/A	N/A	N/A	N/A	N/A
CCMSLIB00006678135	Pheophytin a	LC-ESI	Orbitrap	Other	S Ding	Su Ding	M+H	871.571	871.573	1	N/A	N/A	N/A	N/A	N/A	3	Positive	UPDATE-SINGLE-ANNOTATED-BRONZE	Bronze	287	spectra_filtered/specs_ms.mgf	lib-00042.mgf	0.9239860000000001	GNPS-LIBRARY	5976000.0	435.70599999999996	0.490202	11	0.000427246	871.571	871.571	1	spectra_filtered/specs_ms.mgf287	1		0	0	N/A	N/A	N/A	N/A	N/A	N/A	N/A	N/A
CCMSLIB00003138914	Spectral Match to 9-Octadecenamide, (Z)- from NIST14	ESI	QQQ	Isolated	Data from Wolfender/Litaudon	Data deposited by pmallard	M+H	282.279	281.272	1	301020	N/A	CCCCCCCC/C=C\CCCCCCCC(=O)N	InChI=1S/C18H35NO/c1-2-3-4-5-6-7-8-9-10-11-12-13-14-15-16-17-18(19)20/h9-10H,2-8,11-17H2,1H3,(H2,19,20)/b10-9-	N/A	3	Positive	UPDATE-SINGLE-ANNOTATED-BRONZE	Bronze	1322	spectra_filtered/specs_ms.mgf	lib-00017.mgf	0.91722	GNPS-NIST14-MATCHES	571500.0	359.199	1.40545	8	0.000396729	282.279	282.279	1	spectra_filtered/specs_ms.mgf1322	1		157	10649	FATBGEAMYMYZAF-KTKRTIGZSA-N	FATBGEAMYMYZAF	Lipids and lipid-like molecules	Fatty Acyls	Fatty amides	Fatty amides	Primary amides	Fatty acids
CCMSLIB00003139642	Spectral Match to 9Z,11E,13E-Octadecatrienoic acid methyl ester from NIST14	ESI	HCD	Isolated	Data from Wolfender/Litaudon	Data deposited by pmallard	M+H	293.247	0.0	1	4175477	N/A	N/A	N/A	N/A	3	Positive	UPDATE-SINGLE-ANNOTATED-BRONZE	Bronze	316	spectra_filtered/specs_ms.mgf	lib-00017.mgf	0.9167860000000001	GNPS-NIST14-MATCHES	1346000.0	396.44	0.728475	7	0.000213623	293.247	293.247	1	spectra_filtered/specs_ms.mgf316	1		44	2089	N/A	N/A	N/A	N/A	N/A	N/A	N/A	N/A
CCMSLIB00003135588	Spectral Match to 1-Hexadecanoyl-sn-glycerol from NIST14	ESI	QqQ	Isolated	Data from Piel	Data deposited by eriche	M+H	331.284	0.0	1	542449	N/A	N/A	N/A	N/A	3	Positive	UPDATE-SINGLE-ANNOTATED-BRONZE	Bronze	1296	spectra_filtered/specs_ms.mgf	lib-00017.mgf	0.9126190000000001	GNPS-NIST14-MATCHES	20190.0	351.283	3.03993	7	0.00100708	331.284	331.283	1	spectra_filtered/specs_ms.mgf1296	1		135	8671	N/A	N/A	N/A	N/A	N/A	N/A	N/A	N/A
CCMSLIB00003136330	Spectral Match to 1-Hexadecanoyl-sn-glycero-3-phospho-(1'-myo-inositol) from NIST14	ESI	Ion Trap	Isolated	Data from Pieter Dorrestein;Ajit Jadhav	Data deposited by lfnothias	M-H	571.294	572.296	1	106182201	N/A	CCCCCCCCCCCCCCCC(=O)OC[C@H](COP(=O)(O)OC1[C@@H]([C@H](C([C@H]([C@H]1O)O)O)O)O)O	InChI=1S/C25H49O12P/c1-2-3-4-5-6-7-8-9-10-11-12-13-14-15-19(27)35-16-18(26)17-36-38(33,34)37-25-23(31)21(29)20(28)22(30)24(25)32/h18,20-26,28-32H,2-17H2,1H3,(H,33,34)/t18-,20?,21-,22+,23-,24-,25?/m1/s1	N/A	3	Negative	UPDATE-SINGLE-ANNOTATED-BRONZE	Bronze	992	spectra_filtered/specs_ms.mgf	lib-00017.mgf	0.912286	GNPS-NIST14-MATCHES	190690.0	327.774	9.08112	10	0.00518799	571.294	571.289	-1	spectra_filtered/specs_ms.mgf992	1		7	90	UOXRPRZMAROFPH-IESLQMLBSA-N	UOXRPRZMAROFPH	Lipids and lipid-like molecules	Glycerophospholipids	Glycerophosphoinositols	Glycerophospholipids	Glycerophosphoinositols	Fatty acids
CCMSLIB00003136056	Spectral Match to 1-Palmitoyl-2-hydroxy-sn-glycero-3-phosphoethanolamine from NIST14	ESI	HCD	Isolated	Data from Wolfender/Litaudon	Data deposited by pmallard	M+H	454.293	0.0	1	53862354	N/A	N/A	N/A	N/A	3	Positive	UPDATE-SINGLE-ANNOTATED-BRONZE	Bronze	1462	spectra_filtered/specs_ms.mgf	lib-00017.mgf	0.9116709999999999	GNPS-NIST14-MATCHES	66260.0	291.694	3.2916199999999995	10	0.00149536	454.293	454.292	1	spectra_filtered/specs_ms.mgf1462	1		145	10478	N/A	N/A	N/A	N/A	N/A	N/A	N/A	N/A
CCMSLIB00005733110	Massbank: Anabaenopeptin NZ857|2-[[12-butan-2-yl-3,9-bis[2-(4-hydroxyphenyl)ethyl]-7-methyl-2,5,8,11,14-pentaoxo-1,4,7,10,13-pentazacyclononadec-15-yl]carbamoylamino]-3-phenylpropanoic acid	ESI	Hybrid FT	Isolated	Massbank	Massbank	M-H	856.425	0.0	1	N/A	N/A	CCC(C)C1C(=O)NC(C(=O)N(CC(=O)NC(C(=O)NCCCCC(C(=O)N1)NC(=O)NC(CC2=CC=CC=C2)C(=O)O)CCC3=CC=C(C=C3)O)C)CCC4=CC=C(C=C4)O	1S/C45H59N7O10/c1-4-28(2)39-42(58)48-36(24-18-30-15-21-33(54)22-16-30)43(59)52(3)27-38(55)47-35(23-17-29-13-19-32(53)20-14-29)40(56)46-25-9-8-12-34(41(57)51-39)49-45(62)50-37(44(60)61)26-31-10-6-5-7-11-31/h5-7,10-11,13-16,19-22,28,34-37,39,53-54H,4,8-9,12,17-18,23-27H2,1-3H3,(H,46,56)(H,47,55)(H,48,58)(H,51,57)(H,60,61)(H2,49,50,62)	N/A	3	Negative	UPDATE-SINGLE-ANNOTATED-BRONZE	Bronze	885	spectra_filtered/specs_ms.mgf	lib-00046.mgf	0.910891	MASSBANK	2578970.0	227.045	1.63915	25	0.00140381	856.425	856.424	-1	spectra_filtered/specs_ms.mgf885	1		0	0	HRGWILAIPXJBIB-UHFFFAOYSA-N	HRGWILAIPXJBIB	Organic acids and derivatives	Carboxylic acids and derivatives	Amino acids, peptides, and analogues	Oligopeptides	Anabaenopeptins|Cyclic peptides	Amino acids and Peptides
CCMSLIB00003134682	Spectral Match to 9S-Hydroxy-10E,12Z,15Z-octadecatrienoic acid from NIST14	ESI	qTof	Isolated	Data from Wolfender/Litaudon	Data deposited by pmallard	M+H-H2O	277.216	294.22	1	89886420	N/A	CC/C=C\C/C=C\C=C\[C@H](CCCCCCCC(=O)O)O	InChI=1S/C18H30O3/c1-2-3-4-5-6-8-11-14-17(19)15-12-9-7-10-13-16-18(20)21/h3-4,6,8,11,14,17,19H,2,5,7,9-10,12-13,15-16H2,1H3,(H,20,21)/b4-3-,8-6-,14-11+/t17-/m1/s1	N/A	3	Positive	UPDATE-SINGLE-ANNOTATED-BRONZE	Bronze	1717	spectra_filtered/specs_ms.mgf	lib-00017.mgf	0.909631	GNPS-NIST14-MATCHES	113240.0	344.64599999999996	2.53198	11	0.0007019039999999999	277.216	277.215	1	spectra_filtered/specs_ms.mgf1717	1		57	2842	RIGGEAZDTKMXSI-MEBVTJQTSA-N	RIGGEAZDTKMXSI	Lipids and lipid-like molecules	Fatty Acyls	Lineolic acids and derivatives	Octadecanoids	Other Octadecanoids	Fatty acids
CCMSLIB00003138811	Spectral Match to 1,3-Dicyclohexylurea from NIST14	ESI	qTof	Isolated	Data from Celio F F Angolini	Data deposited by celioffa	2M+H	449.381	224.189	1	2387237	N/A	C1CCC(CC1)NC(=O)NC2CCCCC2	InChI=1S/C13H24N2O/c16-13(14-11-7-3-1-4-8-11)15-12-9-5-2-6-10-12/h11-12H,1-10H2,(H2,14,15,16)	N/A	3	Positive	UPDATE-SINGLE-ANNOTATED-BRONZE	Bronze	1793	spectra_filtered/specs_ms.mgf	lib-00017.mgf	0.903634	GNPS-NIST14-MATCHES	794540.0	247.782	7.06267	9	0.00317383	449.381	449.384	1	spectra_filtered/specs_ms.mgf1793	1		12	564	ADFXKUOMJKEIND-UHFFFAOYSA-N	ADFXKUOMJKEIND	Organic acids and derivatives	Organic carbonic acids and derivatives	Ureas			
CCMSLIB00003136152	Spectral Match to Glycerol 1-stearate from NIST14	ESI	qTof	Isolated	Data from Wolfender/Litaudon	Data deposited by pmallard	M+H	359.316	358.308	1	123944	N/A	CCCCCCCCCCCCCCCCCC(=O)OCC(CO)O	InChI=1S/C21H42O4/c1-2-3-4-5-6-7-8-9-10-11-12-13-14-15-16-17-21(24)25-19-20(23)18-22/h20,22-23H,2-19H2,1H3	N/A	3	Positive	UPDATE-SINGLE-ANNOTATED-BRONZE	Bronze	1779	spectra_filtered/specs_ms.mgf	lib-00017.mgf	0.901517	GNPS-NIST14-MATCHES	16510.0	334.76599999999996	4.16169	6	0.00149536	359.316	359.315	1	spectra_filtered/specs_ms.mgf1779	1		48	2713	VBICKXHEKHSIBG-UHFFFAOYSA-N	VBICKXHEKHSIBG	Lipids and lipid-like molecules	Glycerolipids	Monoradylglycerols	Glycerolipids	Monoacylglycerols	Fatty acids
CCMSLIB00003137666	Spectral Match to 1-Palmitoyl-2-hydroxy-sn-glycero-3-phosphoethanolamine from NIST14	ESI	HCD	Isolated	Data from Pieter Dorrestein	Data deposited by lfnothias	M+H	454.291	0.0	1	53862354	N/A	N/A	N/A	N/A	3	Positive	UPDATE-SINGLE-ANNOTATED-BRONZE	Bronze	2555	spectra_filtered/specs_ms.mgf	lib-00017.mgf	0.8894709999999999	GNPS-NIST14-MATCHES	32830.0	281.781	0.671763	10	0.000305176	454.291	454.291	1	spectra_filtered/specs_ms.mgf2555	1		145	10478	N/A	N/A	N/A	N/A	N/A	N/A	N/A	N/A
CCMSLIB00003136761	Spectral Match to 13S-Hydroxy-9Z,11E,15Z-octadecatrienoic acid from NIST14	ESI	HCD	Isolated	Data from Wolfender/Litaudon	Data deposited by pmallard	M+H-H2O	277.216	0.0	1	87984825	N/A	N/A	N/A	N/A	3	Positive	UPDATE-SINGLE-ANNOTATED-BRONZE	Bronze	326	spectra_filtered/specs_ms.mgf	lib-00017.mgf	0.887179	GNPS-NIST14-MATCHES	395200.0	299.65	2.20172	7	0.000610352	277.216	277.215	1	spectra_filtered/specs_ms.mgf326	1		57	2159	N/A	N/A	N/A	N/A	N/A	N/A	N/A	N/A
CCMSLIB00005736466	Massbank:EQ358903 Tributylphosphine oxide|Tri-n-butylphosphine oxide	ESI	Hybrid FT	Isolated	Massbank	Massbank	M+H	219.187	0.0	1	814-29-9	N/A	CCCCP(=O)(CCCC)CCCC	1S/C12H27OP/c1-4-7-10-14(13,11-8-5-2)12-9-6-3/h4-12H2,1-3H3	N/A	3	Positive	UPDATE-SINGLE-ANNOTATED-BRONZE	Bronze	1791	spectra_filtered/specs_ms.mgf	lib-00046.mgf	0.880899	MASSBANK	24200.0	240.731	3.2023099999999998	7	0.0007019039999999999	219.187	219.18599999999998	1	spectra_filtered/specs_ms.mgf1791	1		0	0	MNZAKDODWSQONA-UHFFFAOYSA-N	MNZAKDODWSQONA	Organophosphorus compounds	Organic phosphines and derivatives	Organophosphine oxides	Fatty acyls	Hydrocarbons	Fatty acids
CCMSLIB00005734235	Massbank: MCYR|Microcystin YR|(5R,8S,11R,12S,15S,18S,19S,22R)-15-[3-(diaminomethylideneamino)propyl]-8-[(4-hydroxyphenyl)methyl]-18-[(1E,3E,5S,6S)-6-methoxy-3,5-dimethyl-7-phenylhepta-1,3-dienyl]-1,5,12,19-tetr	ESI	Hybrid FT	Isolated	Massbank	Massbank	M+H	1045.54	0.0	1	101064-48-6	N/A	CO[C@@H](Cc1ccccc1)[C@@H](C)\C=C(C)\C=C\[C@@H]2NC(=O)[C@H](CCCNC(N)=N)NC(=O)[C@@H](C)[C@@H](NC(=O)[C@H](Cc3ccc(O)cc3)NC(=O)[C@@H](C)NC(=O)C(=C)N(C)C(=O)CC[C@@H](NC(=O)[C@H]2C)C(O)=O)C(O)=O	1S/C52H72N10O13/c1-28(25-29(2)41(75-8)27-34-13-10-9-11-14-34)16-21-37-30(3)44(65)59-39(50(71)72)22-23-42(64)62(7)33(6)47(68)56-32(5)46(67)60-40(26-35-17-19-36(63)20-18-35)49(70)61-43(51(73)74)31(4)45(66)58-38(48(69)57-37)15-12-24-55-52(53)54/h9-11,13-14,16-21,25,29-32,37-41,43,63H,6,12,15,22-24,26-27H2,1-5,7-8H3,(H,56,68)(H,57,69)(H,58,66)(H,59,65)(H,60,67)(H,61,70)(H,71,72)(H,73,74)(H4,53,54,55)/b21-16+,28-25+/t29-,30-,31-,32+,37-,38-,39+,40-,41-,43+/m0/s1	N/A	3	Positive	UPDATE-SINGLE-ANNOTATED-BRONZE	Bronze	1855	spectra_filtered/specs_ms.mgf	lib-00046.mgf	0.8738610000000001	MASSBANK	726680.0	216.795	6.187930000000001	50	0.00646973	1045.54	1045.53	1	spectra_filtered/specs_ms.mgf1855	1	toxin[Chemical Family]	0	0	OWHASZQTEFAUJC-GJRPNUFSSA-N	OWHASZQTEFAUJC	Organic acids and derivatives	Peptidomimetics	Hybrid peptides	Oligopeptides	Cyclic peptides|Microcystins	Amino acids and Peptides
CCMSLIB00000850535	NCGC00380867-01_C27H46O9_9,12,15-Octadecatrienoic acid, 3-(hexopyranosyloxy)-2-hydroxypropyl ester, (9Z,12Z,15Z)-	LC-ESI	Maxis II HD Q-TOF Bruker	isolated	Jadhav/Dorrestein	lfnothias	M+FA-H	559.312	514.314	1	n/a	n/a	CC\C=C/C/C=C\C\C=C/CCCCCCCC(=O)OCC(O)COC1OC(CO)C(O)C(O)C1O	InChI=1S/C27H46O9/c1-2-3-4-5-6-7-8-9-10-11-12-13-14-15-16-17-23(30)34-19-21(29)20-35-27-26(33)25(32)24(31)22(18-28)36-27/h3-4,6-7,9-10,21-22,24-29,31-33H,2,5,8,11-20H2,1H3/b4-3-,7-6-,10-9-	N/A	1	negative	UPDATE-SINGLE-ANNOTATED-GOLD	Gold	508	spectra_filtered/specs_ms.mgf	lib-00013.mgf	0.873792	GNPS-NIH-NATURALPRODUCTSLIBRARY_ROUND2_NEGATIVE	2673800.0	294.788	0.763878	6	0.000427246	559.312	559.312	-1	spectra_filtered/specs_ms.mgf508	1		53	1945	HUSISCNTLUEZCN-PDBXOOCHSA-N	HUSISCNTLUEZCN	Lipids and lipid-like molecules	Glycerolipids	Glycosylglycerols	Glycerolipids	Glycosylmonoacylglycerols	Fatty acids
CCMSLIB00005732158	Massbank: Anabaenopeptin NZ857|2-[[12-butan-2-yl-3,9-bis[2-(4-hydroxyphenyl)ethyl]-7-methyl-2,5,8,11,14-pentaoxo-1,4,7,10,13-pentazacyclononadec-15-yl]carbamoylamino]-3-phenylpropanoic acid	ESI	Hybrid FT	Isolated	Massbank	Massbank	M+H	858.44	0.0	1	N/A	N/A	CCC(C)C1C(=O)NC(C(=O)N(CC(=O)NC(C(=O)NCCCCC(C(=O)N1)NC(=O)NC(CC2=CC=CC=C2)C(=O)O)CCC3=CC=C(C=C3)O)C)CCC4=CC=C(C=C4)O	1S/C45H59N7O10/c1-4-28(2)39-42(58)48-36(24-18-30-15-21-33(54)22-16-30)43(59)52(3)27-38(55)47-35(23-17-29-13-19-32(53)20-14-29)40(56)46-25-9-8-12-34(41(57)51-39)49-45(62)50-37(44(60)61)26-31-10-6-5-7-11-31/h5-7,10-11,13-16,19-22,28,34-37,39,53-54H,4,8-9,12,17-18,23-27H2,1-3H3,(H,46,56)(H,47,55)(H,48,58)(H,51,57)(H,60,61)(H2,49,50,62)	N/A	3	Positive	UPDATE-SINGLE-ANNOTATED-BRONZE	Bronze	1446	spectra_filtered/specs_ms.mgf	lib-00046.mgf	0.871353	MASSBANK	2818600.0	227.111	1.8486	32	0.00158691	858.44	858.438	1	spectra_filtered/specs_ms.mgf1446	1		0	0	HRGWILAIPXJBIB-UHFFFAOYSA-N	HRGWILAIPXJBIB	Organic acids and derivatives	Carboxylic acids and derivatives	Amino acids, peptides, and analogues	Oligopeptides	Anabaenopeptins|Cyclic peptides	Amino acids and Peptides
CCMSLIB00005731412	Massbank: MCLR|Microcystin LR|(5R,8S,11R,12S,15S,18S,19S,22R)-15-[3-(diaminomethylideneamino)propyl]-18-[(1E,3E,5S,6S)-6-methoxy-3,5-dimethyl-7-phenylhepta-1,3-dienyl]-1,5,12,19-tetramethyl-2-methylidene-8-(2-m	ESI	Hybrid FT	Isolated	Massbank	Massbank	M+H	995.556	0.0	1	101043-37-2	N/A	CO[C@@H](Cc1ccccc1)[C@@H](C)/C=C(C)/C=C/[C@@H]2NC(=O)[C@H](CCCNC(N)=N)NC(=O)[C@@H](C)[C@@H](NC(=O)[C@H](CC(C)C)NC(=O)[C@@H](C)NC(=O)C(=C)N(C)C(=O)CC[C@@H](NC(=O)[C@H]2C)C(O)=O)C(O)=O	1S/C49H74N10O12/c1-26(2)23-37-46(66)58-40(48(69)70)30(6)42(62)55-35(17-14-22-52-49(50)51)45(65)54-34(19-18-27(3)24-28(4)38(71-10)25-33-15-12-11-13-16-33)29(5)41(61)56-36(47(67)68)20-21-39(60)59(9)32(8)44(64)53-31(7)43(63)57-37/h11-13,15-16,18-19,24,26,28-31,34-38,40H,8,14,17,20-23,25H2,1-7,9-10H3,(H,53,64)(H,54,65)(H,55,62)(H,56,61)(H,57,63)(H,58,66)(H,67,68)(H,69,70)(H4,50,51,52)/b19-18+,27-24+/t28-,29-,30-,31+,34-,35-,36+,37-,38-,40+/m0/s1	N/A	3	Positive	UPDATE-SINGLE-ANNOTATED-BRONZE	Bronze	956	spectra_filtered/specs_ms.mgf	lib-00046.mgf	0.862057	MASSBANK	1779200.0	218.516	1.6553099999999998	41	0.00164795	995.556	995.554	1	spectra_filtered/specs_ms.mgf956	1		0	0	ZYZCGGRZINLQBL-GWRQVWKTSA-N	ZYZCGGRZINLQBL	Organic acids and derivatives	Peptidomimetics	Hybrid peptides	Oligopeptides	Cyclic peptides|Microcystins	Amino acids and Peptides
CCMSLIB00003137660	Spectral Match to Monolinolenin (9c,12c,15c) from NIST14	ESI	HCD	Isolated	Data from Wolfender/Litaudon	Data deposited by pmallard	M+H	353.27	0.0	1	18465991	N/A	N/A	N/A	N/A	3	Positive	UPDATE-SINGLE-ANNOTATED-BRONZE	Bronze	367	spectra_filtered/specs_ms.mgf	lib-00017.mgf	0.855621	GNPS-NIST14-MATCHES	144610.0	274.707	7.60197	9	0.00268555	353.27	353.267	1	spectra_filtered/specs_ms.mgf367	1		101	3591	N/A	N/A	N/A	N/A	N/A	N/A	N/A	N/A
CCMSLIB00005746967	Massbank:PR309108 FA 18:1+3O	ESI	qTof	Isolated	Massbank	Massbank	M-H	329.231	0.0	1	N/A	N/A	O=C(O)CCCCCCCC(O)C=CC(O)C(O)CCCCC	1S/C18H34O5/c1-2-3-7-11-16(20)17(21)14-13-15(19)10-8-5-4-6-9-12-18(22)23/h13-17,19-21H,2-12H2,1H3,(H,22,23)	N/A	3	Negative	UPDATE-SINGLE-ANNOTATED-BRONZE	Bronze	1340	spectra_filtered/specs_ms.mgf	lib-00046.mgf	0.847076	MASSBANK	127420.0	220.61	7.3227899999999995	8	0.00241089	329.231	329.233	-1	spectra_filtered/specs_ms.mgf1340	1		0	0	MDIUMSLCYIJBQC-UHFFFAOYSA-N	MDIUMSLCYIJBQC	Lipids and lipid-like molecules	Fatty Acyls	Fatty acids and conjugates	Octadecanoids	Other Octadecanoids	Fatty acids
CCMSLIB00006678143	OL (33:0)	LC-ESI	Orbitrap	Other	S Ding	Su Ding	M+H	639.567	0.0	1	N/A	N/A	N/A	N/A	N/A	3	Positive	UPDATE-SINGLE-ANNOTATED-BRONZE	Bronze	1468	spectra_filtered/specs_ms.mgf	lib-00042.mgf	0.845339	GNPS-LIBRARY	465310.0	367.045	2.6721	15	0.00170898	639.567	639.565	1	spectra_filtered/specs_ms.mgf1468	1		0	0	N/A	N/A	N/A	N/A	N/A	N/A	N/A	N/A
CCMSLIB00003139914	Spectral Match to Monoelaidin from NIST14	ESI	qTof	Isolated	Data from Wolfender/Litaudon	Data deposited by pmallard	M+H-H2O	339.29	356.293	1	2716532	N/A	CCCCCCCC/C=C/CCCCCCCC(=O)OCC(CO)O	InChI=1S/C21H40O4/c1-2-3-4-5-6-7-8-9-10-11-12-13-14-15-16-17-21(24)25-19-20(23)18-22/h9-10,20,22-23H,2-8,11-19H2,1H3/b10-9+	N/A	3	Positive	UPDATE-SINGLE-ANNOTATED-BRONZE	Bronze	2563	spectra_filtered/specs_ms.mgf	lib-00017.mgf	0.834892	GNPS-NIST14-MATCHES	29840.0	319.867	6.47607	10	0.00219727	339.29	339.288	1	spectra_filtered/specs_ms.mgf2563	1		161	11827	RZRNAYUHWVFMIP-MDZDMXLPSA-N	RZRNAYUHWVFMIP	Lipids and lipid-like molecules	Glycerolipids	Monoradylglycerols	Glycerolipids	Monoacylglycerols	Fatty acids
CCMSLIB00003134777	Spectral Match to 1-(9Z-Octadecenoyl)-sn-glycero-3-phosphoethanolamine from NIST14	ESI	qTof	Isolated	Data from Wolfender/Litaudon	Data deposited by pmallard	M+H	480.309	479.301	1	89576294	N/A	CCCCCCCC/C=C\CCCCCCCC(=O)OC[C@H](COP(=O)(O)OCCN)O	InChI=1S/C23H46NO7P/c1-2-3-4-5-6-7-8-9-10-11-12-13-14-15-16-17-23(26)29-20-22(25)21-31-32(27,28)30-19-18-24/h9-10,22,25H,2-8,11-21,24H2,1H3,(H,27,28)/b10-9-/t22-/m1/s1	N/A	3	Positive	UPDATE-SINGLE-ANNOTATED-BRONZE	Bronze	2246	spectra_filtered/specs_ms.mgf	lib-00017.mgf	0.8348540000000001	GNPS-NIST14-MATCHES	47350.0	298.97700000000003	3.74871	12	0.00180054	480.309	480.30699999999996	1	spectra_filtered/specs_ms.mgf2246	1		163	7904	PYVRVRFVLRNJLY-MZMPXXGTSA-N	PYVRVRFVLRNJLY	Lipids and lipid-like molecules	Glycerophospholipids	Glycerophosphoethanolamines	Glycerophospholipids	Glycerophosphoethanolamines	Fatty acids
CCMSLIB00006678150	AEG(o-18:4/16:1)	LC-ESI	Orbitrap	Other	S Ding	Su Ding	M+H	573.488	573.487	1	N/A	N/A	N/A	N/A	N/A	3	Positive	UPDATE-SINGLE-ANNOTATED-BRONZE	Bronze	1607	spectra_filtered/specs_ms.mgf	lib-00042.mgf	0.8270219999999999	GNPS-LIBRARY	193780.0	439.186	3.61855	14	0.0020751999999999997	573.488	573.486	1	spectra_filtered/specs_ms.mgf1607	1		0	0	N/A	N/A	N/A	N/A	N/A	N/A	N/A	N/A
CCMSLIB00000076748	Pheophorbide A	LC-ESI	qTof	Commercial	Pieter Dorrestein	Jimmy Yi Zeng	M+H	593.269	592.268	1	 15664-29-6	 5323510	 CCC1=C2C=C3C(=C4C(=O)C(C(=C5C(C(C(=N5)C=C6C(=C(C(=CC(=C1C)N2)N6)C=C)C)C)CCC(=O)O)C4=N3)C(=O)OC)C	 	 	3	Positive	UPDATE-SINGLE-ANNOTATED-BRONZE	Bronze	232	spectra_filtered/specs_ms.mgf	lib-00042.mgf	0.8267969999999999	GNPS-LIBRARY	3701000.0	390.564	9.4649	7	0.00561523	593.269	593.275	1	spectra_filtered/specs_ms.mgf232	1		73	2632	OINDWIFDMFYGDX-UHFFFAOYSA-N	OINDWIFDMFYGDX	Organoheterocyclic compounds	Tetrapyrroles and derivatives	Chlorins	Tryptophan alkaloids	Carbazole alkaloids	Alkaloids
CCMSLIB00005724857	(10E,15E)-9,12,13-trihydroxyoctadeca-10,15-dienoic acid	ESI	Orbitrap	Isolated	Wolfender	Luis Quiros-Guerrero	M-H	327.218	328.225	-1	N/A	N/A	CC/C=C/CC(C(/C=C/C(CCCCCCCC(O)=O)O)O)O	InChI=1S/C18H32O5/c1-2-3-7-11-16(20)17(21)14-13-15(19)10-8-5-4-6-9-12-18(22)23/h3,7,13-17,19-21H,2,4-6,8-12H2,1H3,(H,22,23)	N/A	1	Negative	UPDATE-SINGLE-ANNOTATED-GOLD	Gold	1342	spectra_filtered/specs_ms.mgf	lib-00042.mgf	0.8197840000000001	GNPS-LIBRARY	29490.0	212.28799999999998	2.14507	10	0.0007019039999999999	327.218	327.217	-1	spectra_filtered/specs_ms.mgf1342	1		0	0	MKYUCBXUUSZMQB-NMABCHCUSA-N	MKYUCBXUUSZMQB	Lipids and lipid-like molecules	Fatty Acyls	Lineolic acids and derivatives	Octadecanoids	Other Octadecanoids	Fatty acids
CCMSLIB00003137660	Spectral Match to Monolinolenin (9c,12c,15c) from NIST14	ESI	HCD	Isolated	Data from Wolfender/Litaudon	Data deposited by pmallard	M+H	353.27	0.0	1	18465991	N/A	N/A	N/A	N/A	3	Positive	UPDATE-SINGLE-ANNOTATED-BRONZE	Bronze	285	spectra_filtered/specs_ms.mgf	lib-00017.mgf	0.8141510000000001	GNPS-NIST14-MATCHES	1336600.0	294.499	7.08365	8	0.00250244	353.27	353.267	1	spectra_filtered/specs_ms.mgf285	1		101	3591	N/A	N/A	N/A	N/A	N/A	N/A	N/A	N/A
CCMSLIB00006678144	OL (32:0)	LC-ESI	Orbitrap	Other	S Ding	Su Ding	M+H	625.551	0.0	1	N/A	N/A	N/A	N/A	N/A	3	Positive	UPDATE-SINGLE-ANNOTATED-BRONZE	Bronze	1441	spectra_filtered/specs_ms.mgf	lib-00042.mgf	0.803996	GNPS-LIBRARY	8039500.0	360.406	1.46355	14	0.000915527	625.551	625.55	1	spectra_filtered/specs_ms.mgf1441	1		0	0	N/A	N/A	N/A	N/A	N/A	N/A	N/A	N/A
CCMSLIB00003135652	Spectral Match to 1-Palmitoyl-2-oleoyl-sn-glycerol from NIST14	ESI	HCD	Isolated	Data from Gabriel Haddad	Data deposited by mjmeehan	M+H-H2O	577.516	0.0	1	29541660	N/A	N/A	N/A	N/A	3	Positive	UPDATE-SINGLE-ANNOTATED-BRONZE	Bronze	1763	spectra_filtered/specs_ms.mgf	lib-00017.mgf	0.7971159999999999	GNPS-NIST14-MATCHES	82520.0	423.31300000000005	2.2194	8	0.00128174	577.516	577.5169999999999	1	spectra_filtered/specs_ms.mgf1763	1		77	2283	N/A	N/A	N/A	N/A	N/A	N/A	N/A	N/A
CCMSLIB00003139583	Spectral Match to Stearidonic acid from NIST14	ESI	HCD	Isolated	Data from Wolfender/Litaudon	Data deposited by pmallard	M+H	277.22	0.0	1	20290759	N/A	N/A	N/A	N/A	3	Positive	UPDATE-SINGLE-ANNOTATED-BRONZE	Bronze	378	spectra_filtered/specs_ms.mgf	lib-00017.mgf	0.7895979999999999	GNPS-NIST14-MATCHES	55050.0	321.298	16.953	8	0.00469971	277.22	277.215	1	spectra_filtered/specs_ms.mgf378	1		32	1429	N/A	N/A	N/A	N/A	N/A	N/A	N/A	N/A
CCMSLIB00006708569	oleic acid	LC-ESI	Orbitrap	commercial	Trent Northen	JGI:215252	M+H-H2O	265.253	0.0	1	N/A	N/A	CCCCCCCCC=CCCCCCCCC(=O)O	InChI=1S/C18H34O2/c1-2-3-4-5-6-7-8-9-10-11-12-13-14-15-16-17-18(19)20/h9-10H,2-8,11-17H2,1H3,(H,19,20)/b10-9-	N/A	3	Positive	UPDATE-SINGLE-ANNOTATED-BRONZE	Bronze	2567	spectra_filtered/specs_ms.mgf	lib-00011.mgf	0.788496	BERKELEY-LAB	15610.0	319.867	5.29235	7	0.00140381	265.253	265.251	1	spectra_filtered/specs_ms.mgf2567	1		0	0	ZQPPMHVWECSIRJ-UHFFFAOYSA-N	ZQPPMHVWECSIRJ	Lipids and lipid-like molecules	Fatty Acyls	Fatty acids and conjugates	Fatty Acids and Conjugates	Unsaturated fatty acids	Fatty acids
CCMSLIB00006678150	AEG(o-18:4/16:1)	LC-ESI	Orbitrap	Other	S Ding	Su Ding	M+H	573.488	573.487	1	N/A	N/A	N/A	N/A	N/A	3	Positive	UPDATE-SINGLE-ANNOTATED-BRONZE	Bronze	2070	spectra_filtered/specs_ms.mgf	lib-00042.mgf	0.786841	GNPS-LIBRARY	819900.0	347.884	1.70285	12	0.0009765619999999999	573.488	573.487	1	spectra_filtered/specs_ms.mgf2070	1		0	0	N/A	N/A	N/A	N/A	N/A	N/A	N/A	N/A
CCMSLIB00006678150	AEG(o-18:4/16:1)	LC-ESI	Orbitrap	Other	S Ding	Su Ding	M+H	573.488	573.487	1	N/A	N/A	N/A	N/A	N/A	3	Positive	UPDATE-SINGLE-ANNOTATED-BRONZE	Bronze	1433	spectra_filtered/specs_ms.mgf	lib-00042.mgf	0.784115	GNPS-LIBRARY	3609000.0	394.226	2.4478400000000002	11	0.00140381	573.488	573.487	1	spectra_filtered/specs_ms.mgf1433	1		0	0	N/A	N/A	N/A	N/A	N/A	N/A	N/A	N/A
CCMSLIB00006678150	AEG(o-18:4/16:1)	LC-ESI	Orbitrap	Other	S Ding	Su Ding	M+H	573.488	573.487	1	N/A	N/A	N/A	N/A	N/A	3	Positive	UPDATE-SINGLE-ANNOTATED-BRONZE	Bronze	1680	spectra_filtered/specs_ms.mgf	lib-00042.mgf	0.783149	GNPS-LIBRARY	145870.0	414.801	2.87355	12	0.00164795	573.488	573.486	1	spectra_filtered/specs_ms.mgf1680	1		0	0	N/A	N/A	N/A	N/A	N/A	N/A	N/A	N/A
CCMSLIB00003138418	Spectral Match to Monolinolenin (9c,12c,15c) from NIST14	ESI	HCD	Isolated	Data from Wolfender/Litaudon	Data deposited by pmallard	M+H	353.269	0.0	1	18465991	N/A	N/A	N/A	N/A	3	Positive	UPDATE-SINGLE-ANNOTATED-BRONZE	Bronze	2487	spectra_filtered/specs_ms.mgf	lib-00017.mgf	0.774709	GNPS-NIST14-MATCHES	6490.0	256.96299999999997	4.83763	8	0.00170898	353.269	353.267	1	spectra_filtered/specs_ms.mgf2487	1		101	3591	N/A	N/A	N/A	N/A	N/A	N/A	N/A	N/A
CCMSLIB00003137426	Spectral Match to Monoelaidin from NIST14	ESI	HCD	Isolated	Data from Pieter Dorrestein	Data deposited by lfnothias	M+H-H2O	339.289	0.0	1	2716532	N/A	N/A	N/A	N/A	3	Positive	UPDATE-SINGLE-ANNOTATED-BRONZE	Bronze	2580	spectra_filtered/specs_ms.mgf	lib-00017.mgf	0.763555	GNPS-NIST14-MATCHES	4850.0	444.061	1.43913	6	0.00048828099999999997	339.289	339.289	1	spectra_filtered/specs_ms.mgf2580	1		161	11827	N/A	N/A	N/A	N/A	N/A	N/A	N/A	N/A
CCMSLIB00005734833	Massbank: MCYR|Microcystin YR|(5R,8S,11R,12S,15S,18S,19S,22R)-15-[3-(diaminomethylideneamino)propyl]-8-[(4-hydroxyphenyl)methyl]-18-[(1E,3E,5S,6S)-6-methoxy-3,5-dimethyl-7-phenylhepta-1,3-dienyl]-1,5,12,19-tetr	ESI	Hybrid FT	Isolated	Massbank	Massbank	M-H	1043.52	0.0	1	101064-48-6	N/A	CO[C@@H](Cc1ccccc1)[C@@H](C)\C=C(C)\C=C\[C@@H]2NC(=O)[C@H](CCCNC(N)=N)NC(=O)[C@@H](C)[C@@H](NC(=O)[C@H](Cc3ccc(O)cc3)NC(=O)[C@@H](C)NC(=O)C(=C)N(C)C(=O)CC[C@@H](NC(=O)[C@H]2C)C(O)=O)C(O)=O	1S/C52H72N10O13/c1-28(25-29(2)41(75-8)27-34-13-10-9-11-14-34)16-21-37-30(3)44(65)59-39(50(71)72)22-23-42(64)62(7)33(6)47(68)56-32(5)46(67)60-40(26-35-17-19-36(63)20-18-35)49(70)61-43(51(73)74)31(4)45(66)58-38(48(69)57-37)15-12-24-55-52(53)54/h9-11,13-14,16-21,25,29-32,37-41,43,63H,6,12,15,22-24,26-27H2,1-5,7-8H3,(H,56,68)(H,57,69)(H,58,66)(H,59,65)(H,60,67)(H,61,70)(H,71,72)(H,73,74)(H4,53,54,55)/b21-16+,28-25+/t29-,30-,31-,32+,37-,38-,39+,40-,41-,43+/m0/s1	N/A	3	Negative	UPDATE-SINGLE-ANNOTATED-BRONZE	Bronze	850	spectra_filtered/specs_ms.mgf	lib-00046.mgf	0.744416	MASSBANK	423770.0	216.917	0.818856	13	0.000854492	1043.52	1043.52	-1	spectra_filtered/specs_ms.mgf850	1		0	0	OWHASZQTEFAUJC-GJRPNUFSSA-N	OWHASZQTEFAUJC	Organic acids and derivatives	Peptidomimetics	Hybrid peptides	Oligopeptides	Cyclic peptides|Microcystins	Amino acids and Peptides
CCMSLIB00003139019	Spectral Match to 9-OxoOTrE from NIST14	ESI	Ion Trap	Isolated	Data from Wolfender/Litaudon	Data deposited by pmallard	M+H-H2O	275.201	292.204	1	125559742	N/A	CC/C=C\C/C=C\C=C\C(=O)CCCCCCCC(=O)O	InChI=1S/C18H28O3/c1-2-3-4-5-6-8-11-14-17(19)15-12-9-7-10-13-16-18(20)21/h3-4,6,8,11,14H,2,5,7,9-10,12-13,15-16H2,1H3,(H,20,21)/b4-3-,8-6-,14-11+	N/A	3	Positive	UPDATE-SINGLE-ANNOTATED-BRONZE	Bronze	1482	spectra_filtered/specs_ms.mgf	lib-00017.mgf	0.7319100000000001	GNPS-NIST14-MATCHES	13780.0	291.531	4.6574599999999995	7	0.00128174	275.201	275.2	1	spectra_filtered/specs_ms.mgf1482	1		44	2846	ACHDMUPTZYZIGR-CUHSZNQNSA-N	ACHDMUPTZYZIGR	Lipids and lipid-like molecules	Fatty Acyls	Lineolic acids and derivatives	Octadecanoids	Other Octadecanoids	Fatty acids
CCMSLIB00003139019	Spectral Match to 9-OxoOTrE from NIST14	ESI	Ion Trap	Isolated	Data from Wolfender/Litaudon	Data deposited by pmallard	M+H-H2O	275.201	292.204	1	125559742	N/A	CC/C=C\C/C=C\C=C\C(=O)CCCCCCCC(=O)O	InChI=1S/C18H28O3/c1-2-3-4-5-6-8-11-14-17(19)15-12-9-7-10-13-16-18(20)21/h3-4,6,8,11,14H,2,5,7,9-10,12-13,15-16H2,1H3,(H,20,21)/b4-3-,8-6-,14-11+	N/A	3	Positive	UPDATE-SINGLE-ANNOTATED-BRONZE	Bronze	1478	spectra_filtered/specs_ms.mgf	lib-00017.mgf	0.726596	GNPS-NIST14-MATCHES	12280.0	265.401	5.101030000000001	9	0.00140381	275.201	275.2	1	spectra_filtered/specs_ms.mgf1478	1		44	2846	ACHDMUPTZYZIGR-CUHSZNQNSA-N	ACHDMUPTZYZIGR	Lipids and lipid-like molecules	Fatty Acyls	Lineolic acids and derivatives	Octadecanoids	Other Octadecanoids	Fatty acids
CCMSLIB00005733898	Massbank: MCLR|Microcystin LR|(5R,8S,11R,12S,15S,18S,19S,22R)-15-[3-(diaminomethylideneamino)propyl]-18-[(1E,3E,5S,6S)-6-methoxy-3,5-dimethyl-7-phenylhepta-1,3-dienyl]-1,5,12,19-tetramethyl-2-methylidene-8-(2-m	ESI	Hybrid FT	Isolated	Massbank	Massbank	M-H	993.542	0.0	1	101043-37-2	N/A	CO[C@@H](Cc1ccccc1)[C@@H](C)/C=C(C)/C=C/[C@@H]2NC(=O)[C@H](CCCNC(N)=N)NC(=O)[C@@H](C)[C@@H](NC(=O)[C@H](CC(C)C)NC(=O)[C@@H](C)NC(=O)C(=C)N(C)C(=O)CC[C@@H](NC(=O)[C@H]2C)C(O)=O)C(O)=O	1S/C49H74N10O12/c1-26(2)23-37-46(66)58-40(48(69)70)30(6)42(62)55-35(17-14-22-52-49(50)51)45(65)54-34(19-18-27(3)24-28(4)38(71-10)25-33-15-12-11-13-16-33)29(5)41(61)56-36(47(67)68)20-21-39(60)59(9)32(8)44(64)53-31(7)43(63)57-37/h11-13,15-16,18-19,24,26,28-31,34-38,40H,8,14,17,20-23,25H2,1-7,9-10H3,(H,53,64)(H,54,65)(H,55,62)(H,56,61)(H,57,63)(H,58,66)(H,67,68)(H,69,70)(H4,50,51,52)/b19-18+,27-24+/t28-,29-,30-,31+,34-,35-,36+,37-,38-,40+/m0/s1	N/A	3	Negative	UPDATE-SINGLE-ANNOTATED-BRONZE	Bronze	506	spectra_filtered/specs_ms.mgf	lib-00046.mgf	0.72165	MASSBANK	1192900.0	218.576	2.02725	13	0.00201416	993.542	993.54	-1	spectra_filtered/specs_ms.mgf506	1		0	0	ZYZCGGRZINLQBL-GWRQVWKTSA-N	ZYZCGGRZINLQBL	Organic acids and derivatives	Peptidomimetics	Hybrid peptides	Oligopeptides	Cyclic peptides|Microcystins	Amino acids and Peptides
CCMSLIB00003139914	Spectral Match to Monoelaidin from NIST14	ESI	qTof	Isolated	Data from Wolfender/Litaudon	Data deposited by pmallard	M+H-H2O	339.29	356.293	1	2716532	N/A	CCCCCCCC/C=C/CCCCCCCC(=O)OCC(CO)O	InChI=1S/C21H40O4/c1-2-3-4-5-6-7-8-9-10-11-12-13-14-15-16-17-21(24)25-19-20(23)18-22/h9-10,20,22-23H,2-8,11-19H2,1H3/b10-9+	N/A	3	Positive	UPDATE-SINGLE-ANNOTATED-BRONZE	Bronze	2575	spectra_filtered/specs_ms.mgf	lib-00017.mgf	0.7093430000000001	GNPS-NIST14-MATCHES	53120.0	371.2	4.76711	7	0.00161743	339.29	339.288	1	spectra_filtered/specs_ms.mgf2575	1		161	11827	RZRNAYUHWVFMIP-MDZDMXLPSA-N	RZRNAYUHWVFMIP	Lipids and lipid-like molecules	Glycerolipids	Monoradylglycerols	Glycerolipids	Monoacylglycerols	Fatty acids
CCMSLIB00004683268	Glc-Glc-octadecatrienoyl-sn-glycerol (isomer 1) (PUT) - 45.8016eV	LC-ESI	 impact HD	Isolated	Sumner	Sumner	M-H	721.361	0.0	1	N/A	N/A	N/A	N/A	N/A	3	Negative	UPDATE-SINGLE-ANNOTATED-BRONZE	Bronze	648	spectra_filtered/specs_ms.mgf	lib-00041.mgf	0.704391	SUMNER	1950100.0	274.649	3.0460000000000003	8	0.00219727	721.361	721.363	-1	spectra_filtered/specs_ms.mgf648	1		0	0	N/A	N/A	N/A	N/A	N/A	N/A	N/A	N/A
CCMSLIB00004683268	Glc-Glc-octadecatrienoyl-sn-glycerol (isomer 1) (PUT) - 45.8016eV	LC-ESI	 impact HD	Isolated	Sumner	Sumner	M-H	721.361	0.0	1	N/A	N/A	N/A	N/A	N/A	3	Negative	UPDATE-SINGLE-ANNOTATED-BRONZE	Bronze	643	spectra_filtered/specs_ms.mgf	lib-00041.mgf	0.701802	SUMNER	735500.0	275.426	4.569	8	0.0032959000000000005	721.361	721.3639999999999	-1	spectra_filtered/specs_ms.mgf643	1		0	0	N/A	N/A	N/A	N/A	N/A	N/A	N/A	N/A
